season_id,milestone,true_doy,pred_doy,signed_error_days,abs_error_days
frh01_1990671_rapeseed,sos,231.0,11.0,-220.0,220.0
frh01_1990671_rapeseed,pos,256.0,256.0,0.0,0.0
frh01_1990671_rapeseed,eos,276.0,336.0,60.0,60.0
frh01_1937821_wheat,sos,246.0,241.0,-5.0,5.0
frh01_1937821_wheat,pos,296.0,296.0,0.0,0.0
frh01_1937821_wheat,eos,321.0,336.0,15.0,15.0
frh01_2102182_corn,sos,151.0,301.0,150.0,150.0
frh01_2102182_corn,pos,256.0,301.0,45.0,45.0
frh01_2098144_barley,sos,226.0,341.0,115.0,115.0
frh01_2098144_barley,pos,256.0,341.0,85.0,85.0
frh01_2104193_rapeseed,sos,131.0,361.0,230.0,230.0
frh01_1994782_barley,sos,241.0,241.0,0.0,0.0
frh01_1994782_barley,pos,256.0,256.0,0.0,0.0
frh01_1963343_corn,sos,166.0,206.0,40.0,40.0
frh01_1963343_corn,pos,301.0,206.0,-95.0,95.0
frh01_2145482_barley,pos,16.0,351.0,335.0,335.0
frh01_2115206_rapeseed,sos,131.0,131.0,0.0,0.0
frh01_2115206_rapeseed,pos,151.0,151.0,0.0,0.0
frh01_2115206_rapeseed,eos,181.0,186.0,5.0,5.0
frh01_2103523_barley,pos,51.0,341.0,290.0,290.0
frh01_2103523_barley,eos,96.0,96.0,0.0,0.0
frh01_2092345_rapeseed,pos,141.0,36.0,-105.0,105.0
frh01_2092345_rapeseed,eos,171.0,161.0,-10.0,10.0
frh01_2065759_barley,sos,186.0,236.0,50.0,50.0
frh01_2065759_barley,pos,306.0,306.0,0.0,0.0
frh01_1997283_barley,sos,236.0,281.0,45.0,45.0
frh01_1997283_barley,pos,306.0,306.0,0.0,0.0
frh01_2032773_corn,pos,51.0,51.0,0.0,0.0
frh01_2032773_corn,eos,96.0,96.0,0.0,0.0
frh01_2083691_barley,sos,141.0,51.0,-90.0,90.0
frh01_2083691_barley,pos,156.0,156.0,0.0,0.0
frh01_2095334_barley,sos,236.0,246.0,10.0,10.0
frh01_2095334_barley,pos,256.0,256.0,0.0,0.0
frh01_2100440_rapeseed,sos,11.0,6.0,-5.0,5.0
frh01_2100440_rapeseed,pos,136.0,136.0,0.0,0.0
frh01_2100440_rapeseed,eos,201.0,221.0,20.0,20.0
frh01_2110312_barley,sos,191.0,191.0,0.0,0.0
frh01_2110312_barley,pos,256.0,256.0,0.0,0.0
frh01_2100176_barley,sos,41.0,6.0,-35.0,35.0
frh01_2100176_barley,pos,61.0,61.0,0.0,0.0
frh01_2100176_barley,eos,86.0,86.0,0.0,0.0
frh01_1984643_barley,sos,91.0,276.0,185.0,185.0
frh01_1984643_barley,pos,131.0,291.0,160.0,160.0
frh01_2002387_barley,sos,186.0,191.0,5.0,5.0
frh01_2002387_barley,pos,256.0,256.0,0.0,0.0
frh01_2078655_rapeseed,sos,76.0,26.0,-50.0,50.0
frh01_2078655_rapeseed,pos,161.0,161.0,0.0,0.0
frh01_2078655_rapeseed,eos,221.0,226.0,5.0,5.0
frh01_1946188_barley,sos,276.0,11.0,-265.0,265.0
frh01_1946188_barley,pos,301.0,301.0,0.0,0.0
frh01_2139160_barley,sos,246.0,331.0,85.0,85.0
frh01_2139160_barley,eos,276.0,336.0,60.0,60.0
frh01_2093132_corn,sos,186.0,181.0,-5.0,5.0
frh01_2093132_corn,pos,256.0,256.0,0.0,0.0
frh01_2101158_corn,sos,186.0,226.0,40.0,40.0
frh01_2101158_corn,pos,296.0,251.0,-45.0,45.0
frh01_1990455_rapeseed,sos,196.0,201.0,5.0,5.0
frh01_1990455_rapeseed,pos,256.0,256.0,0.0,0.0
frh01_1984054_wheat,pos,16.0,16.0,0.0,0.0
frh01_1984054_wheat,eos,96.0,96.0,0.0,0.0
frh01_2150363_barley,sos,116.0,286.0,170.0,170.0
frh01_2150363_barley,pos,131.0,351.0,220.0,220.0
frh01_2004639_barley,sos,186.0,6.0,-180.0,180.0
frh01_2004639_barley,pos,206.0,56.0,-150.0,150.0
frh01_2004639_barley,eos,221.0,81.0,-140.0,140.0
frh01_1992789_wheat,sos,281.0,286.0,5.0,5.0
frh01_1992789_wheat,pos,346.0,296.0,-50.0,50.0
frh01_2030270_wheat,sos,226.0,231.0,5.0,5.0
frh01_2030270_wheat,pos,301.0,301.0,0.0,0.0
frh01_2036435_barley,sos,191.0,191.0,0.0,0.0
frh01_2036435_barley,pos,251.0,251.0,0.0,0.0
frh01_2036435_barley,eos,326.0,96.0,-230.0,230.0
frh01_2043712_rapeseed,sos,196.0,46.0,-150.0,150.0
frh01_2043712_rapeseed,pos,241.0,241.0,0.0,0.0
frh01_2043712_rapeseed,eos,311.0,106.0,-205.0,205.0
frh01_1962232_rapeseed,sos,236.0,86.0,-150.0,150.0
frh01_1962232_rapeseed,pos,256.0,256.0,0.0,0.0
frh01_1962232_rapeseed,eos,326.0,91.0,-235.0,235.0
frh01_2053616_rapeseed,sos,226.0,196.0,-30.0,30.0
frh01_2053616_rapeseed,pos,241.0,241.0,0.0,0.0
frh01_2053616_rapeseed,eos,271.0,331.0,60.0,60.0
frh01_2036390_corn,pos,21.0,21.0,0.0,0.0
frh01_2036390_corn,eos,96.0,96.0,0.0,0.0
frh01_2000150_wheat,sos,96.0,321.0,225.0,225.0
frh01_2091472_barley,sos,191.0,11.0,-180.0,180.0
frh01_2091472_barley,pos,256.0,256.0,0.0,0.0
frh01_2091472_barley,eos,321.0,336.0,15.0,15.0
frh01_1975388_corn,pos,46.0,46.0,0.0,0.0
frh01_2130124_wheat,sos,196.0,51.0,-145.0,145.0
frh01_2130124_wheat,pos,256.0,256.0,0.0,0.0
frh01_2130124_wheat,eos,321.0,86.0,-235.0,235.0
frh01_1967179_rapeseed,sos,106.0,21.0,-85.0,85.0
frh01_1967179_rapeseed,pos,131.0,131.0,0.0,0.0
frh01_1967179_rapeseed,eos,221.0,211.0,-10.0,10.0
frh01_1970072_barley,pos,21.0,21.0,0.0,0.0
frh01_1970072_barley,eos,81.0,81.0,0.0,0.0
frh01_2003098_corn,pos,36.0,206.0,170.0,170.0
frh01_2085732_rapeseed,sos,326.0,326.0,0.0,0.0
frh01_2085732_rapeseed,pos,341.0,341.0,0.0,0.0
frh01_1954512_rapeseed,sos,206.0,286.0,80.0,80.0
frh01_1954512_rapeseed,pos,331.0,331.0,0.0,0.0
frh01_2020860_rapeseed,eos,181.0,121.0,-60.0,60.0
frh01_1937589_barley,sos,316.0,271.0,-45.0,45.0
frh01_1937589_barley,pos,346.0,346.0,0.0,0.0
frh01_1971531_rapeseed,sos,181.0,101.0,-80.0,80.0
frh01_1971531_rapeseed,pos,241.0,196.0,-45.0,45.0
frh01_2028280_barley,sos,26.0,26.0,0.0,0.0
frh01_2028280_barley,pos,56.0,56.0,0.0,0.0
frh01_2028280_barley,eos,86.0,81.0,-5.0,5.0
frh01_2108514_barley,pos,16.0,16.0,0.0,0.0
frh01_2108514_barley,eos,111.0,86.0,-25.0,25.0
frh01_2011859_rapeseed,pos,166.0,166.0,0.0,0.0
frh01_2011859_rapeseed,eos,221.0,216.0,-5.0,5.0
frh01_2114055_corn,pos,21.0,21.0,0.0,0.0
frh01_2114055_corn,eos,96.0,96.0,0.0,0.0
frh01_2131656_corn,sos,166.0,171.0,5.0,5.0
frh01_2131656_corn,pos,241.0,241.0,0.0,0.0
frh01_1970224_rapeseed,pos,141.0,36.0,-105.0,105.0
frh01_1969066_wheat,pos,16.0,16.0,0.0,0.0
frh01_1969066_wheat,eos,106.0,96.0,-10.0,10.0
frh01_2108943_corn,sos,166.0,171.0,5.0,5.0
frh01_2108943_corn,pos,331.0,206.0,-125.0,125.0
frh01_1964940_barley,sos,226.0,241.0,15.0,15.0
frh01_1964940_barley,pos,306.0,246.0,-60.0,60.0
frh01_1964940_barley,eos,336.0,356.0,20.0,20.0
frh01_2048300_barley,sos,266.0,271.0,5.0,5.0
frh01_2048300_barley,pos,341.0,341.0,0.0,0.0
frh01_2150567_wheat,sos,281.0,296.0,15.0,15.0
frh01_2150567_wheat,pos,296.0,296.0,0.0,0.0
frh01_2027407_barley,sos,266.0,231.0,-35.0,35.0
frh01_2027407_barley,pos,341.0,341.0,0.0,0.0
frh01_1985960_wheat,sos,316.0,291.0,-25.0,25.0
frh01_1985960_wheat,pos,346.0,346.0,0.0,0.0
frh01_2082963_barley,sos,186.0,196.0,10.0,10.0
frh01_2082963_barley,pos,256.0,201.0,-55.0,55.0
frh01_1974874_corn,sos,191.0,36.0,-155.0,155.0
frh01_1974874_corn,pos,256.0,256.0,0.0,0.0
frh01_2085250_rapeseed,sos,91.0,91.0,0.0,0.0
frh01_2085250_rapeseed,pos,141.0,136.0,-5.0,5.0
frh01_2085250_rapeseed,eos,186.0,181.0,-5.0,5.0
frh01_1968984_corn,pos,41.0,41.0,0.0,0.0
frh01_1968984_corn,eos,106.0,106.0,0.0,0.0
frh01_1956773_corn,pos,26.0,26.0,0.0,0.0
frh01_1956773_corn,eos,96.0,96.0,0.0,0.0
frh01_2084468_rapeseed,pos,51.0,51.0,0.0,0.0
frh01_2084468_rapeseed,eos,181.0,86.0,-95.0,95.0
frh01_1986966_corn,pos,31.0,31.0,0.0,0.0
frh01_1986966_corn,eos,81.0,86.0,5.0,5.0
frh01_2066618_rapeseed,sos,96.0,91.0,-5.0,5.0
frh01_2066618_rapeseed,pos,156.0,156.0,0.0,0.0
frh01_2066618_rapeseed,eos,186.0,221.0,35.0,35.0
frh01_2005573_barley,pos,21.0,21.0,0.0,0.0
frh01_2005573_barley,eos,101.0,96.0,-5.0,5.0
frh01_2137552_corn,pos,21.0,26.0,5.0,5.0
frh01_2137552_corn,eos,96.0,96.0,0.0,0.0
frh01_2111375_wheat,sos,286.0,301.0,15.0,15.0
frh01_2111375_wheat,pos,346.0,341.0,-5.0,5.0
frh01_2059074_corn,sos,181.0,181.0,0.0,0.0
frh01_2059074_corn,pos,331.0,331.0,0.0,0.0
frh01_1975758_rapeseed,sos,286.0,261.0,-25.0,25.0
frh01_1975758_rapeseed,pos,341.0,341.0,0.0,0.0
frh01_1975758_rapeseed,eos,361.0,111.0,-250.0,250.0
frh01_2024251_rapeseed,sos,91.0,91.0,0.0,0.0
frh01_2024251_rapeseed,pos,156.0,341.0,185.0,185.0
frh01_2024251_rapeseed,eos,181.0,181.0,0.0,0.0
frh01_2045686_wheat,sos,241.0,251.0,10.0,10.0
frh01_2045686_wheat,pos,331.0,331.0,0.0,0.0
frh01_2030268_rapeseed,pos,26.0,26.0,0.0,0.0
frh01_2030268_rapeseed,eos,116.0,111.0,-5.0,5.0
frh01_2145380_corn,sos,186.0,186.0,0.0,0.0
frh01_2145380_corn,pos,251.0,251.0,0.0,0.0
frh01_2087326_rapeseed,pos,56.0,136.0,80.0,80.0
frh01_2087326_rapeseed,eos,221.0,186.0,-35.0,35.0
frh01_2084215_wheat,pos,36.0,36.0,0.0,0.0
frh01_2084215_wheat,eos,86.0,86.0,0.0,0.0
frh01_2090488_corn,pos,41.0,41.0,0.0,0.0
frh01_2090488_corn,eos,96.0,91.0,-5.0,5.0
frh01_2088307_corn,sos,286.0,286.0,0.0,0.0
frh01_2088307_corn,pos,341.0,341.0,0.0,0.0
frh01_1961510_wheat,pos,21.0,21.0,0.0,0.0
frh01_1961510_wheat,eos,101.0,101.0,0.0,0.0
frh01_2125265_wheat,pos,16.0,351.0,335.0,335.0
frh01_2125265_wheat,eos,101.0,96.0,-5.0,5.0
frh01_2127088_corn,sos,186.0,71.0,-115.0,115.0
frh01_2127088_corn,pos,256.0,256.0,0.0,0.0
frh01_2045948_barley,sos,241.0,241.0,0.0,0.0
frh01_2045948_barley,pos,346.0,346.0,0.0,0.0
frh01_1987923_barley,sos,286.0,286.0,0.0,0.0
frh01_1987923_barley,pos,341.0,301.0,-40.0,40.0
frh01_2068611_barley,sos,251.0,246.0,-5.0,5.0
frh01_2068611_barley,pos,346.0,301.0,-45.0,45.0
frh01_2121690_barley,pos,21.0,21.0,0.0,0.0
frh01_2121690_barley,eos,81.0,86.0,5.0,5.0
frh01_1988379_wheat,sos,116.0,166.0,50.0,50.0
frh01_1988379_wheat,pos,256.0,256.0,0.0,0.0
frh01_1988379_wheat,eos,326.0,96.0,-230.0,230.0
frh01_2082203_rapeseed,pos,141.0,141.0,0.0,0.0
frh01_2082203_rapeseed,eos,176.0,176.0,0.0,0.0
frh01_2082478_rapeseed,sos,196.0,26.0,-170.0,170.0
frh01_2082478_rapeseed,pos,256.0,256.0,0.0,0.0
frh01_2149031_barley,sos,46.0,61.0,15.0,15.0
frh01_2149031_barley,pos,66.0,66.0,0.0,0.0
frh01_2002465_corn,pos,56.0,341.0,285.0,285.0
frh01_2066326_barley,sos,321.0,286.0,-35.0,35.0
frh01_2066326_barley,pos,346.0,346.0,0.0,0.0
frh01_2088018_rapeseed,pos,51.0,11.0,-40.0,40.0
frh01_2088018_rapeseed,eos,181.0,131.0,-50.0,50.0
frh01_2074900_rapeseed,eos,86.0,336.0,250.0,250.0
frh01_2126771_wheat,sos,186.0,336.0,150.0,150.0
frh01_1993050_rapeseed,sos,111.0,61.0,-50.0,50.0
frh01_1993050_rapeseed,pos,136.0,136.0,0.0,0.0
frh01_1993050_rapeseed,eos,176.0,336.0,160.0,160.0
frh01_2137893_corn,pos,21.0,21.0,0.0,0.0
frh01_2137893_corn,eos,101.0,96.0,-5.0,5.0
frh01_1993645_rapeseed,sos,96.0,361.0,265.0,265.0
frh01_1994783_barley,sos,241.0,241.0,0.0,0.0
frh01_1994783_barley,pos,256.0,256.0,0.0,0.0
frh01_2068369_barley,sos,186.0,356.0,170.0,170.0
frh01_2014432_rapeseed,pos,141.0,141.0,0.0,0.0
frh01_2014432_rapeseed,eos,236.0,186.0,-50.0,50.0
frh01_2024300_wheat,pos,86.0,86.0,0.0,0.0
frh01_2024300_wheat,eos,106.0,106.0,0.0,0.0
frh01_2107458_wheat,sos,276.0,241.0,-35.0,35.0
frh01_2107458_wheat,pos,341.0,346.0,5.0,5.0
frh01_2107458_wheat,eos,361.0,361.0,0.0,0.0
frh01_2004954_rapeseed,sos,196.0,76.0,-120.0,120.0
frh01_2004954_rapeseed,pos,246.0,246.0,0.0,0.0
frh01_2004954_rapeseed,eos,271.0,326.0,55.0,55.0
frh01_2144106_wheat,sos,91.0,261.0,170.0,170.0
frh01_2144106_wheat,pos,121.0,261.0,140.0,140.0
frh01_2004884_rapeseed,sos,321.0,26.0,-295.0,295.0
frh01_2004884_rapeseed,pos,341.0,341.0,0.0,0.0
frh01_2011477_rapeseed,pos,141.0,141.0,0.0,0.0
frh01_2011477_rapeseed,eos,221.0,221.0,0.0,0.0
frh01_2126951_barley,sos,181.0,191.0,10.0,10.0
frh01_2126951_barley,pos,256.0,211.0,-45.0,45.0
frh01_2040279_barley,sos,186.0,41.0,-145.0,145.0
frh01_2040279_barley,pos,216.0,51.0,-165.0,165.0
frh01_2040279_barley,eos,321.0,96.0,-225.0,225.0
frh01_1966419_wheat,pos,131.0,251.0,120.0,120.0
frh01_2048808_rapeseed,sos,131.0,176.0,45.0,45.0
frh01_2048808_rapeseed,pos,146.0,176.0,30.0,30.0
frh01_2048808_rapeseed,eos,221.0,226.0,5.0,5.0
frh01_1988075_rapeseed,sos,96.0,96.0,0.0,0.0
frh01_1988075_rapeseed,pos,156.0,156.0,0.0,0.0
frh01_1988075_rapeseed,eos,186.0,186.0,0.0,0.0
frh01_1967717_barley,sos,211.0,11.0,-200.0,200.0
frh01_1967717_barley,pos,341.0,341.0,0.0,0.0
frh01_2056190_corn,pos,16.0,16.0,0.0,0.0
frh01_2056190_corn,eos,101.0,101.0,0.0,0.0
frh01_2115137_wheat,pos,21.0,21.0,0.0,0.0
frh01_2115137_wheat,eos,91.0,91.0,0.0,0.0
frh01_2083574_barley,sos,231.0,271.0,40.0,40.0
frh01_2083574_barley,pos,341.0,341.0,0.0,0.0
frh01_1967664_rapeseed,sos,166.0,171.0,5.0,5.0
frh01_1967664_rapeseed,pos,331.0,331.0,0.0,0.0
frh01_1957897_wheat,sos,191.0,31.0,-160.0,160.0
frh01_1957897_wheat,pos,256.0,256.0,0.0,0.0
frh01_1935649_barley,sos,236.0,236.0,0.0,0.0
frh01_1935649_barley,pos,256.0,236.0,-20.0,20.0
frh01_2025025_corn,sos,181.0,181.0,0.0,0.0
frh01_2025025_corn,pos,251.0,251.0,0.0,0.0
frh01_2025025_corn,eos,276.0,301.0,25.0,25.0
frh01_2127677_rapeseed,sos,296.0,66.0,-230.0,230.0
frh01_2127677_rapeseed,pos,341.0,341.0,0.0,0.0
frh01_2127677_rapeseed,eos,361.0,91.0,-270.0,270.0
frh01_2076642_rapeseed,pos,96.0,96.0,0.0,0.0
frh01_2076642_rapeseed,eos,211.0,141.0,-70.0,70.0
frh01_1969829_corn,sos,181.0,186.0,5.0,5.0
frh01_1969829_corn,pos,291.0,206.0,-85.0,85.0
frh01_2103949_barley,sos,266.0,241.0,-25.0,25.0
frh01_2103949_barley,pos,341.0,341.0,0.0,0.0
frh01_2145394_corn,sos,191.0,191.0,0.0,0.0
frh01_2145394_corn,pos,256.0,256.0,0.0,0.0
frh01_2015582_corn,pos,16.0,16.0,0.0,0.0
frh01_2015582_corn,eos,96.0,96.0,0.0,0.0
frh01_2144262_corn,pos,21.0,21.0,0.0,0.0
frh01_2144262_corn,eos,106.0,101.0,-5.0,5.0
frh01_1993002_barley,sos,266.0,281.0,15.0,15.0
frh01_1993002_barley,pos,341.0,341.0,0.0,0.0
frh01_1945753_corn,pos,16.0,1.0,-15.0,15.0
frh01_2063267_barley,sos,231.0,6.0,-225.0,225.0
frh01_2063267_barley,pos,306.0,306.0,0.0,0.0
frh01_2005461_corn,sos,186.0,286.0,100.0,100.0
frh01_2005461_corn,pos,336.0,336.0,0.0,0.0
frh01_1996411_rapeseed,sos,6.0,26.0,20.0,20.0
frh01_1996411_rapeseed,pos,141.0,141.0,0.0,0.0
frh01_1996411_rapeseed,eos,186.0,186.0,0.0,0.0
frh01_1998233_rapeseed,pos,141.0,341.0,200.0,200.0
frh01_1998233_rapeseed,eos,181.0,181.0,0.0,0.0
frh01_2034702_rapeseed,pos,141.0,151.0,10.0,10.0
frh01_2034702_rapeseed,eos,221.0,191.0,-30.0,30.0
frh01_2119606_corn,pos,51.0,51.0,0.0,0.0
frh01_2119606_corn,eos,96.0,96.0,0.0,0.0
frh01_1987251_corn,sos,286.0,291.0,5.0,5.0
frh01_1987251_corn,pos,351.0,351.0,0.0,0.0
frh01_2121312_wheat,sos,241.0,276.0,35.0,35.0
frh01_2121312_wheat,pos,346.0,346.0,0.0,0.0
frh01_2039482_barley,sos,26.0,326.0,300.0,300.0
frh01_2039482_barley,eos,101.0,331.0,230.0,230.0
frh01_1983579_wheat,sos,241.0,281.0,40.0,40.0
frh01_1983579_wheat,pos,341.0,341.0,0.0,0.0
frh01_2141037_wheat,pos,26.0,26.0,0.0,0.0
frh01_2141037_wheat,eos,96.0,101.0,5.0,5.0
frh01_1952165_rapeseed,sos,231.0,11.0,-220.0,220.0
frh01_1952165_rapeseed,pos,251.0,251.0,0.0,0.0
frh01_1989314_barley,pos,21.0,21.0,0.0,0.0
frh01_1989314_barley,eos,66.0,71.0,5.0,5.0
frh01_1971045_wheat,sos,236.0,261.0,25.0,25.0
frh01_1971045_wheat,pos,341.0,341.0,0.0,0.0
frh01_2081859_rapeseed,sos,6.0,71.0,65.0,65.0
frh01_2081859_rapeseed,pos,141.0,136.0,-5.0,5.0
frh01_2081859_rapeseed,eos,186.0,226.0,40.0,40.0
frh01_2080866_wheat,sos,281.0,281.0,0.0,0.0
frh01_2080866_wheat,pos,346.0,346.0,0.0,0.0
frh01_1989821_rapeseed,sos,96.0,356.0,260.0,260.0
frh01_2049687_corn,sos,181.0,66.0,-115.0,115.0
frh01_2049687_corn,pos,256.0,256.0,0.0,0.0
frh01_2038372_wheat,sos,281.0,286.0,5.0,5.0
frh01_2038372_wheat,pos,341.0,341.0,0.0,0.0
frh01_1981189_rapeseed,sos,231.0,36.0,-195.0,195.0
frh01_1981189_rapeseed,pos,246.0,246.0,0.0,0.0
frh01_1981189_rapeseed,eos,276.0,336.0,60.0,60.0
frh01_2141882_barley,sos,281.0,261.0,-20.0,20.0
frh01_2141882_barley,pos,301.0,301.0,0.0,0.0
frh01_2122985_corn,sos,111.0,41.0,-70.0,70.0
frh01_2122985_corn,pos,256.0,256.0,0.0,0.0
frh01_2037971_barley,sos,181.0,191.0,10.0,10.0
frh01_2037971_barley,pos,256.0,256.0,0.0,0.0
frh01_2037971_barley,eos,336.0,331.0,-5.0,5.0
frh01_2145567_barley,pos,16.0,16.0,0.0,0.0
frh01_2145567_barley,eos,71.0,76.0,5.0,5.0
frh01_2089380_corn,sos,191.0,16.0,-175.0,175.0
frh01_2089380_corn,pos,246.0,246.0,0.0,0.0
frh01_2117870_corn,sos,146.0,6.0,-140.0,140.0
frh01_2117870_corn,pos,241.0,241.0,0.0,0.0
frh01_2148895_barley,pos,56.0,256.0,200.0,200.0
frh01_2144296_wheat,sos,236.0,241.0,5.0,5.0
frh01_2144296_wheat,pos,306.0,306.0,0.0,0.0
frh01_1978018_wheat,sos,321.0,291.0,-30.0,30.0
frh01_1978018_wheat,pos,346.0,346.0,0.0,0.0
frh01_2083100_barley,sos,281.0,331.0,50.0,50.0
frh01_2151633_barley,sos,236.0,331.0,95.0,95.0
frh01_2007238_corn,sos,286.0,306.0,20.0,20.0
frh01_2007238_corn,pos,341.0,341.0,0.0,0.0
frh01_2131302_corn,sos,181.0,186.0,5.0,5.0
frh01_2131302_corn,pos,241.0,241.0,0.0,0.0
frh01_1990708_barley,sos,286.0,306.0,20.0,20.0
frh01_1990708_barley,pos,346.0,346.0,0.0,0.0
frh01_1973981_barley,sos,111.0,286.0,175.0,175.0
frh01_1973981_barley,pos,306.0,306.0,0.0,0.0
frh01_2047384_barley,sos,6.0,6.0,0.0,0.0
frh01_2047384_barley,pos,66.0,26.0,-40.0,40.0
frh01_1983396_corn,sos,116.0,51.0,-65.0,65.0
frh01_1983396_corn,pos,301.0,301.0,0.0,0.0
frh01_2145280_wheat,sos,231.0,231.0,0.0,0.0
frh01_2145280_wheat,pos,256.0,256.0,0.0,0.0
frh01_2082702_barley,sos,286.0,246.0,-40.0,40.0
frh01_2082702_barley,pos,346.0,346.0,0.0,0.0
frh01_2153551_wheat,sos,131.0,161.0,30.0,30.0
frh01_2153551_wheat,pos,206.0,206.0,0.0,0.0
frh01_2153551_wheat,eos,321.0,266.0,-55.0,55.0
frh01_1988809_corn,sos,156.0,161.0,5.0,5.0
frh01_1988809_corn,pos,236.0,216.0,-20.0,20.0
frh01_2038834_rapeseed,sos,191.0,236.0,45.0,45.0
frh01_2038834_rapeseed,pos,291.0,291.0,0.0,0.0
frh01_2109861_wheat,sos,326.0,331.0,5.0,5.0
frh01_2109861_wheat,pos,336.0,346.0,10.0,10.0
frh01_1983562_corn,pos,46.0,46.0,0.0,0.0
frh01_1983562_corn,eos,96.0,96.0,0.0,0.0
frh01_2044129_wheat,pos,21.0,21.0,0.0,0.0
frh01_2044129_wheat,eos,81.0,81.0,0.0,0.0
frh01_2105050_wheat,sos,116.0,61.0,-55.0,55.0
frh01_2105050_wheat,pos,256.0,256.0,0.0,0.0
frh01_2107467_corn,pos,51.0,51.0,0.0,0.0
frh01_2107467_corn,eos,101.0,96.0,-5.0,5.0
frh01_2024605_wheat,pos,46.0,46.0,0.0,0.0
frh01_2024605_wheat,eos,101.0,86.0,-15.0,15.0
frh01_2091842_wheat,pos,21.0,21.0,0.0,0.0
frh01_2091842_wheat,eos,91.0,91.0,0.0,0.0
frh01_1987301_corn,pos,46.0,46.0,0.0,0.0
frh01_1987301_corn,eos,91.0,91.0,0.0,0.0
frh01_1943224_corn,pos,56.0,56.0,0.0,0.0
frh01_1943224_corn,eos,146.0,111.0,-35.0,35.0
frh01_2118876_rapeseed,sos,206.0,301.0,95.0,95.0
frh01_2118876_rapeseed,pos,331.0,331.0,0.0,0.0
frh01_2087743_rapeseed,sos,6.0,281.0,275.0,275.0
frh01_2087743_rapeseed,pos,41.0,41.0,0.0,0.0
frh01_2087743_rapeseed,eos,66.0,71.0,5.0,5.0
frh01_2134280_wheat,sos,326.0,351.0,25.0,25.0
frh01_2134280_wheat,pos,346.0,351.0,5.0,5.0
frh01_2153902_wheat,sos,191.0,191.0,0.0,0.0
frh01_2153902_wheat,pos,241.0,241.0,0.0,0.0
frh01_2153902_wheat,eos,326.0,321.0,-5.0,5.0
frh01_2036727_corn,pos,51.0,51.0,0.0,0.0
frh01_2036727_corn,eos,131.0,126.0,-5.0,5.0
frh01_1992096_rapeseed,pos,21.0,21.0,0.0,0.0
frh01_1992096_rapeseed,eos,126.0,66.0,-60.0,60.0
frh01_2128706_wheat,sos,121.0,91.0,-30.0,30.0
frh01_2128706_wheat,pos,241.0,241.0,0.0,0.0
frh01_1982748_corn,sos,231.0,86.0,-145.0,145.0
frh01_1982748_corn,pos,256.0,256.0,0.0,0.0
frh01_2006417_wheat,pos,21.0,21.0,0.0,0.0
frh01_2006417_wheat,eos,91.0,91.0,0.0,0.0
frh01_2061455_rapeseed,sos,231.0,46.0,-185.0,185.0
frh01_2061455_rapeseed,pos,256.0,256.0,0.0,0.0
frh01_2061455_rapeseed,eos,286.0,171.0,-115.0,115.0
frh01_1977610_rapeseed,sos,276.0,286.0,10.0,10.0
frh01_1977610_rapeseed,pos,346.0,301.0,-45.0,45.0
frh01_2144069_wheat,pos,21.0,21.0,0.0,0.0
frh01_2144069_wheat,eos,96.0,81.0,-15.0,15.0
frh01_1966859_corn,pos,21.0,21.0,0.0,0.0
frh01_1966859_corn,eos,91.0,91.0,0.0,0.0
frh01_1933826_barley,sos,231.0,331.0,100.0,100.0
frh01_1978108_rapeseed,sos,291.0,86.0,-205.0,205.0
frh01_1978108_rapeseed,pos,346.0,346.0,0.0,0.0
frh01_2100822_barley,sos,236.0,241.0,5.0,5.0
frh01_2100822_barley,pos,301.0,246.0,-55.0,55.0
frh01_1968468_wheat,sos,266.0,176.0,-90.0,90.0
frh01_1968468_wheat,pos,301.0,301.0,0.0,0.0
frh01_2118222_barley,pos,21.0,21.0,0.0,0.0
frh01_2118222_barley,eos,101.0,106.0,5.0,5.0
frh01_2132643_corn,pos,51.0,51.0,0.0,0.0
frh01_2132643_corn,eos,101.0,101.0,0.0,0.0
frh01_1997393_wheat,sos,191.0,191.0,0.0,0.0
frh01_1997393_wheat,pos,256.0,256.0,0.0,0.0
frh01_2098706_wheat,sos,256.0,156.0,-100.0,100.0
frh01_2098706_wheat,pos,306.0,306.0,0.0,0.0
frh01_2101278_barley,sos,231.0,51.0,-180.0,180.0
frh01_2101278_barley,pos,256.0,1.0,-255.0,255.0
frh01_2154640_corn,pos,21.0,21.0,0.0,0.0
frh01_2154640_corn,eos,101.0,101.0,0.0,0.0
frh01_2087240_corn,pos,16.0,16.0,0.0,0.0
frh01_2087240_corn,eos,101.0,96.0,-5.0,5.0
frh01_2017610_wheat,pos,21.0,21.0,0.0,0.0
frh01_2017610_wheat,eos,96.0,96.0,0.0,0.0
frh01_1986908_rapeseed,sos,196.0,271.0,75.0,75.0
frh01_1986908_rapeseed,pos,216.0,271.0,55.0,55.0
frh01_1986908_rapeseed,eos,291.0,341.0,50.0,50.0
frh01_2110054_rapeseed,pos,141.0,141.0,0.0,0.0
frh01_2110054_rapeseed,eos,221.0,191.0,-30.0,30.0
frh01_1947238_wheat,sos,41.0,361.0,320.0,320.0
frh01_2127461_barley,sos,121.0,191.0,70.0,70.0
frh01_2127461_barley,pos,216.0,216.0,0.0,0.0
frh01_2127461_barley,eos,281.0,281.0,0.0,0.0
frh01_1964521_corn,pos,46.0,46.0,0.0,0.0
frh01_1964521_corn,eos,86.0,326.0,240.0,240.0
frh01_2009082_barley,sos,326.0,86.0,-240.0,240.0
frh01_2009082_barley,pos,341.0,341.0,0.0,0.0
frh01_2009082_barley,eos,361.0,91.0,-270.0,270.0
frh01_2034525_rapeseed,pos,36.0,41.0,5.0,5.0
frh01_2080574_rapeseed,pos,136.0,136.0,0.0,0.0
frh01_2080574_rapeseed,eos,221.0,216.0,-5.0,5.0
frh01_2091791_rapeseed,pos,156.0,116.0,-40.0,40.0
frh01_2091791_rapeseed,eos,186.0,221.0,35.0,35.0
frh01_3728985_barley,pos,46.0,46.0,0.0,0.0
frh01_3728985_barley,eos,101.0,101.0,0.0,0.0
frh01_2084519_barley,sos,236.0,236.0,0.0,0.0
frh01_2084519_barley,pos,341.0,341.0,0.0,0.0
frh01_1971429_wheat,sos,226.0,241.0,15.0,15.0
frh01_1971429_wheat,pos,301.0,301.0,0.0,0.0
frh01_1935694_wheat,sos,231.0,321.0,90.0,90.0
frh01_2089359_rapeseed,pos,161.0,161.0,0.0,0.0
frh01_2089359_rapeseed,eos,221.0,206.0,-15.0,15.0
frh01_2011754_wheat,sos,241.0,241.0,0.0,0.0
frh01_2011754_wheat,pos,296.0,296.0,0.0,0.0
frh01_2093172_rapeseed,sos,121.0,126.0,5.0,5.0
frh01_2093172_rapeseed,pos,241.0,241.0,0.0,0.0
frh01_2144892_wheat,sos,191.0,56.0,-135.0,135.0
frh01_2144892_wheat,pos,256.0,256.0,0.0,0.0
frh01_2144892_wheat,eos,326.0,326.0,0.0,0.0
frh01_2087069_barley,sos,216.0,196.0,-20.0,20.0
frh01_2087069_barley,pos,241.0,241.0,0.0,0.0
frh01_2087069_barley,eos,361.0,331.0,-30.0,30.0
frh01_2011529_rapeseed,sos,36.0,41.0,5.0,5.0
frh01_2011529_rapeseed,pos,116.0,116.0,0.0,0.0
frh01_2011529_rapeseed,eos,211.0,166.0,-45.0,45.0
frh01_1948422_rapeseed,sos,6.0,6.0,0.0,0.0
frh01_1948422_rapeseed,pos,141.0,141.0,0.0,0.0
frh01_1948422_rapeseed,eos,221.0,221.0,0.0,0.0
frh01_2025562_corn,pos,56.0,56.0,0.0,0.0
frh01_2025562_corn,eos,146.0,101.0,-45.0,45.0
frh01_2088843_corn,sos,186.0,191.0,5.0,5.0
frh01_2088843_corn,pos,236.0,236.0,0.0,0.0
frh01_2115158_corn,pos,51.0,51.0,0.0,0.0
frh01_2115158_corn,eos,101.0,96.0,-5.0,5.0
frh01_2082818_barley,sos,231.0,11.0,-220.0,220.0
frh01_2082818_barley,pos,256.0,16.0,-240.0,240.0
frh01_2150298_corn,sos,181.0,176.0,-5.0,5.0
frh01_2150298_corn,pos,246.0,241.0,-5.0,5.0
frh01_1983743_barley,pos,21.0,21.0,0.0,0.0
frh01_1983743_barley,eos,86.0,81.0,-5.0,5.0
frh01_2117434_corn,sos,166.0,56.0,-110.0,110.0
frh01_2117434_corn,pos,211.0,211.0,0.0,0.0
frh01_1980411_corn,sos,186.0,46.0,-140.0,140.0
frh01_1980411_corn,pos,241.0,241.0,0.0,0.0
frh01_2028221_barley,sos,116.0,116.0,0.0,0.0
frh01_2028221_barley,pos,131.0,291.0,160.0,160.0
frh01_1938609_wheat,sos,151.0,26.0,-125.0,125.0
frh01_1938609_wheat,pos,256.0,256.0,0.0,0.0
frh01_2017208_rapeseed,sos,6.0,6.0,0.0,0.0
frh01_2017208_rapeseed,pos,56.0,26.0,-30.0,30.0
frh01_2017208_rapeseed,eos,181.0,176.0,-5.0,5.0
frh01_2138103_wheat,sos,276.0,286.0,10.0,10.0
frh01_2138103_wheat,pos,341.0,341.0,0.0,0.0
frh01_1981469_rapeseed,pos,21.0,21.0,0.0,0.0
frh01_1981469_rapeseed,eos,76.0,76.0,0.0,0.0
frh01_2040064_barley,sos,166.0,96.0,-70.0,70.0
frh01_2040064_barley,pos,241.0,241.0,0.0,0.0
frh01_2040064_barley,eos,361.0,101.0,-260.0,260.0
frh01_1997308_wheat,sos,231.0,236.0,5.0,5.0
frh01_1997308_wheat,pos,301.0,301.0,0.0,0.0
frh01_2039556_rapeseed,sos,136.0,131.0,-5.0,5.0
frh01_2039556_rapeseed,pos,156.0,156.0,0.0,0.0
frh01_2039556_rapeseed,eos,186.0,81.0,-105.0,105.0
frh01_1943771_corn,sos,186.0,46.0,-140.0,140.0
frh01_1943771_corn,pos,256.0,256.0,0.0,0.0
frh01_1995442_corn,pos,46.0,206.0,160.0,160.0
frh01_1995442_corn,eos,146.0,126.0,-20.0,20.0
frh01_2001362_corn,pos,26.0,206.0,180.0,180.0
frh01_2001362_corn,eos,146.0,336.0,190.0,190.0
frh01_2094414_rapeseed,sos,91.0,61.0,-30.0,30.0
frh01_2094414_rapeseed,pos,136.0,136.0,0.0,0.0
frh01_2094414_rapeseed,eos,186.0,191.0,5.0,5.0
frh01_1981914_barley,sos,181.0,186.0,5.0,5.0
frh01_1981914_barley,pos,256.0,256.0,0.0,0.0
frh01_2112977_rapeseed,pos,56.0,141.0,85.0,85.0
frh01_2112977_rapeseed,eos,76.0,186.0,110.0,110.0
frh01_2040081_corn,sos,191.0,186.0,-5.0,5.0
frh01_2040081_corn,pos,256.0,256.0,0.0,0.0
frh01_2004346_wheat,sos,191.0,316.0,125.0,125.0
frh01_2004346_wheat,pos,216.0,316.0,100.0,100.0
frh01_2060002_corn,pos,56.0,56.0,0.0,0.0
frh01_2060002_corn,eos,146.0,81.0,-65.0,65.0
frh01_1988153_wheat,pos,21.0,21.0,0.0,0.0
frh01_1988153_wheat,eos,101.0,101.0,0.0,0.0
frh01_1983423_wheat,sos,326.0,301.0,-25.0,25.0
frh01_1983423_wheat,pos,346.0,346.0,0.0,0.0
frh01_1967322_corn,eos,101.0,61.0,-40.0,40.0
frh01_2132052_rapeseed,sos,231.0,121.0,-110.0,110.0
frh01_2132052_rapeseed,pos,256.0,256.0,0.0,0.0
frh01_2132052_rapeseed,eos,316.0,71.0,-245.0,245.0
frh01_2150886_corn,sos,166.0,171.0,5.0,5.0
frh01_2150886_corn,pos,256.0,246.0,-10.0,10.0
frh01_3697919_wheat,pos,156.0,156.0,0.0,0.0
frh01_3697919_wheat,eos,221.0,216.0,-5.0,5.0
frh01_2089657_barley,sos,186.0,61.0,-125.0,125.0
frh01_2089657_barley,pos,211.0,61.0,-150.0,150.0
frh01_1934789_barley,sos,191.0,91.0,-100.0,100.0
frh01_1934789_barley,pos,216.0,216.0,0.0,0.0
frh01_1934789_barley,eos,321.0,101.0,-220.0,220.0
frh01_2149052_corn,pos,61.0,61.0,0.0,0.0
frh01_2149052_corn,eos,151.0,81.0,-70.0,70.0
frh01_2082600_corn,pos,21.0,21.0,0.0,0.0
frh01_2082600_corn,eos,96.0,96.0,0.0,0.0
frh01_2127678_rapeseed,sos,196.0,31.0,-165.0,165.0
frh01_2127678_rapeseed,pos,206.0,206.0,0.0,0.0
frh01_2127678_rapeseed,eos,226.0,96.0,-130.0,130.0
frh01_6129629_wheat,pos,26.0,26.0,0.0,0.0
frh01_6129629_wheat,eos,106.0,106.0,0.0,0.0
frh01_2043711_rapeseed,sos,191.0,66.0,-125.0,125.0
frh01_2043711_rapeseed,pos,241.0,241.0,0.0,0.0
frh01_2043711_rapeseed,eos,361.0,76.0,-285.0,285.0
frh01_2135921_corn,sos,181.0,181.0,0.0,0.0
frh01_2135921_corn,pos,206.0,181.0,-25.0,25.0
frh01_2155863_wheat,sos,236.0,16.0,-220.0,220.0
frh01_2155863_wheat,pos,256.0,301.0,45.0,45.0
frh01_2090480_corn,pos,41.0,16.0,-25.0,25.0
frh01_2148478_corn,sos,186.0,191.0,5.0,5.0
frh01_2148478_corn,pos,256.0,256.0,0.0,0.0
frh01_2107726_barley,sos,296.0,261.0,-35.0,35.0
frh01_2107726_barley,pos,336.0,336.0,0.0,0.0
frh01_2034771_corn,pos,21.0,21.0,0.0,0.0
frh01_2034771_corn,eos,96.0,96.0,0.0,0.0
frh01_2048731_corn,sos,116.0,41.0,-75.0,75.0
frh01_2048731_corn,pos,241.0,241.0,0.0,0.0
frh01_2072464_wheat,sos,231.0,241.0,10.0,10.0
frh01_2072464_wheat,pos,306.0,306.0,0.0,0.0
frh01_2026661_corn,pos,66.0,66.0,0.0,0.0
frh01_2026661_corn,eos,86.0,86.0,0.0,0.0
frh01_2110831_rapeseed,pos,21.0,21.0,0.0,0.0
frh01_2110831_rapeseed,eos,71.0,71.0,0.0,0.0
frh01_2011275_corn,pos,21.0,21.0,0.0,0.0
frh01_2011275_corn,eos,101.0,96.0,-5.0,5.0
frh01_1976059_rapeseed,sos,296.0,81.0,-215.0,215.0
frh01_1976059_rapeseed,pos,341.0,341.0,0.0,0.0
frh01_2120711_rapeseed,pos,46.0,46.0,0.0,0.0
frh01_2120711_rapeseed,eos,126.0,76.0,-50.0,50.0
frh01_2079382_wheat,pos,21.0,21.0,0.0,0.0
frh01_2079382_wheat,eos,96.0,81.0,-15.0,15.0
frh01_2114291_wheat,sos,231.0,16.0,-215.0,215.0
frh01_2114291_wheat,pos,256.0,256.0,0.0,0.0
frh01_2114291_wheat,eos,361.0,96.0,-265.0,265.0
frh01_1941183_rapeseed,sos,196.0,196.0,0.0,0.0
frh01_1941183_rapeseed,pos,241.0,241.0,0.0,0.0
frh01_2111846_rapeseed,pos,156.0,156.0,0.0,0.0
frh01_2111846_rapeseed,eos,186.0,186.0,0.0,0.0
frh01_2079030_wheat,sos,181.0,216.0,35.0,35.0
frh01_2079030_wheat,pos,331.0,331.0,0.0,0.0
frh01_2108732_barley,sos,276.0,286.0,10.0,10.0
frh01_2108732_barley,pos,346.0,346.0,0.0,0.0
frh01_2104722_rapeseed,sos,96.0,96.0,0.0,0.0
frh01_2104722_rapeseed,pos,141.0,141.0,0.0,0.0
frh01_2104722_rapeseed,eos,271.0,196.0,-75.0,75.0
frh01_2011065_corn,sos,196.0,196.0,0.0,0.0
frh01_2011065_corn,pos,341.0,341.0,0.0,0.0
frh01_2137547_corn,pos,21.0,21.0,0.0,0.0
frh01_2137547_corn,eos,101.0,46.0,-55.0,55.0
frh01_2083984_wheat,pos,16.0,16.0,0.0,0.0
frh01_2083984_wheat,eos,101.0,96.0,-5.0,5.0
frh01_2045162_rapeseed,pos,116.0,116.0,0.0,0.0
frh01_2045162_rapeseed,eos,221.0,216.0,-5.0,5.0
frh01_2000352_wheat,sos,231.0,236.0,5.0,5.0
frh01_2000352_wheat,pos,256.0,351.0,95.0,95.0
frh01_2023421_corn,pos,36.0,301.0,265.0,265.0
frh01_1944013_rapeseed,pos,91.0,56.0,-35.0,35.0
frh01_2052327_corn,sos,191.0,191.0,0.0,0.0
frh01_2052327_corn,pos,256.0,256.0,0.0,0.0
frh01_2066609_rapeseed,sos,226.0,251.0,25.0,25.0
frh01_2066609_rapeseed,pos,306.0,306.0,0.0,0.0
frh01_2156422_corn,pos,56.0,56.0,0.0,0.0
frh01_2012778_barley,sos,326.0,286.0,-40.0,40.0
frh01_2012778_barley,pos,351.0,351.0,0.0,0.0
frh01_2001011_rapeseed,sos,6.0,6.0,0.0,0.0
frh01_2001011_rapeseed,pos,116.0,116.0,0.0,0.0
frh01_2001011_rapeseed,eos,176.0,171.0,-5.0,5.0
frh01_2081350_rapeseed,sos,236.0,101.0,-135.0,135.0
frh01_2081350_rapeseed,pos,256.0,256.0,0.0,0.0
frh01_2081350_rapeseed,eos,321.0,71.0,-250.0,250.0
frh01_2108198_rapeseed,sos,6.0,131.0,125.0,125.0
frh01_2108198_rapeseed,pos,21.0,21.0,0.0,0.0
frh01_2108198_rapeseed,eos,76.0,76.0,0.0,0.0
frh01_2138802_corn,sos,186.0,186.0,0.0,0.0
frh01_2138802_corn,pos,251.0,236.0,-15.0,15.0
frh01_1993269_wheat,pos,56.0,56.0,0.0,0.0
frh01_1993269_wheat,eos,86.0,86.0,0.0,0.0
frh01_1955713_barley,sos,111.0,31.0,-80.0,80.0
frh01_1955713_barley,pos,256.0,256.0,0.0,0.0
frh01_1995889_wheat,sos,231.0,341.0,110.0,110.0
frh01_2061984_barley,sos,236.0,236.0,0.0,0.0
frh01_2061984_barley,pos,341.0,341.0,0.0,0.0
frh01_2149657_rapeseed,pos,36.0,101.0,65.0,65.0
frh01_2094317_rapeseed,pos,241.0,241.0,0.0,0.0
frh01_2094317_rapeseed,eos,321.0,311.0,-10.0,10.0
frh01_2043119_rapeseed,sos,141.0,141.0,0.0,0.0
frh01_2043119_rapeseed,pos,166.0,166.0,0.0,0.0
frh01_2043119_rapeseed,eos,226.0,231.0,5.0,5.0
frh01_1981525_wheat,sos,321.0,91.0,-230.0,230.0
frh01_1981525_wheat,pos,341.0,341.0,0.0,0.0
frh01_1976980_corn,sos,166.0,181.0,15.0,15.0
frh01_1976980_corn,pos,256.0,256.0,0.0,0.0
frh01_2000091_wheat,sos,326.0,286.0,-40.0,40.0
frh01_2000091_wheat,pos,346.0,346.0,0.0,0.0
frh01_2125854_rapeseed,sos,96.0,26.0,-70.0,70.0
frh01_2125854_rapeseed,pos,136.0,141.0,5.0,5.0
frh01_1945580_rapeseed,sos,6.0,6.0,0.0,0.0
frh01_1945580_rapeseed,pos,141.0,141.0,0.0,0.0
frh01_1945580_rapeseed,eos,221.0,196.0,-25.0,25.0
frh01_2037517_rapeseed,sos,91.0,56.0,-35.0,35.0
frh01_2037517_rapeseed,pos,171.0,171.0,0.0,0.0
frh01_2037517_rapeseed,eos,221.0,196.0,-25.0,25.0
frh01_2154175_wheat,pos,21.0,21.0,0.0,0.0
frh01_2154175_wheat,eos,66.0,96.0,30.0,30.0
frh01_2002292_corn,sos,181.0,81.0,-100.0,100.0
frh01_2002292_corn,pos,241.0,241.0,0.0,0.0
frh01_1982609_barley,sos,246.0,251.0,5.0,5.0
frh01_1982609_barley,pos,341.0,331.0,-10.0,10.0
frh01_1970339_wheat,sos,236.0,236.0,0.0,0.0
frh01_1970339_wheat,pos,331.0,301.0,-30.0,30.0
frh01_1992940_rapeseed,sos,96.0,151.0,55.0,55.0
frh01_1992940_rapeseed,pos,136.0,151.0,15.0,15.0
frh01_1992940_rapeseed,eos,221.0,211.0,-10.0,10.0
frh01_2046279_corn,sos,116.0,191.0,75.0,75.0
frh01_2046279_corn,pos,256.0,256.0,0.0,0.0
frh01_2138323_rapeseed,sos,231.0,136.0,-95.0,95.0
frh01_2138323_rapeseed,pos,256.0,256.0,0.0,0.0
frh01_2138323_rapeseed,eos,311.0,336.0,25.0,25.0
frh01_2124301_barley,sos,191.0,11.0,-180.0,180.0
frh01_2124301_barley,pos,241.0,241.0,0.0,0.0
frh01_2124301_barley,eos,266.0,271.0,5.0,5.0
frh01_1941360_corn,pos,21.0,166.0,145.0,145.0
frh01_1941360_corn,eos,101.0,76.0,-25.0,25.0
frh01_1955669_wheat,pos,56.0,56.0,0.0,0.0
frh01_1955669_wheat,eos,81.0,81.0,0.0,0.0
frh01_2028033_wheat,sos,291.0,241.0,-50.0,50.0
frh01_2028033_wheat,pos,306.0,306.0,0.0,0.0
frh01_2087133_rapeseed,pos,96.0,96.0,0.0,0.0
frh01_2063838_rapeseed,pos,46.0,46.0,0.0,0.0
frh01_2063838_rapeseed,eos,116.0,76.0,-40.0,40.0
frh01_1973208_corn,pos,31.0,31.0,0.0,0.0
frh01_1973208_corn,eos,101.0,101.0,0.0,0.0
frh01_2113570_wheat,sos,196.0,361.0,165.0,165.0
frh01_2113685_rapeseed,pos,91.0,96.0,5.0,5.0
frh01_1971454_rapeseed,sos,286.0,336.0,50.0,50.0
frh01_1971454_rapeseed,pos,341.0,341.0,0.0,0.0
frh01_2100437_rapeseed,sos,6.0,21.0,15.0,15.0
frh01_2100437_rapeseed,pos,156.0,156.0,0.0,0.0
frh01_2100437_rapeseed,eos,221.0,216.0,-5.0,5.0
frh01_2020307_corn,sos,156.0,166.0,10.0,10.0
frh01_2020307_corn,pos,256.0,256.0,0.0,0.0
frh01_2041428_rapeseed,sos,231.0,6.0,-225.0,225.0
frh01_2041428_rapeseed,pos,256.0,256.0,0.0,0.0
frh01_2041428_rapeseed,eos,286.0,106.0,-180.0,180.0
frh01_2079589_barley,sos,231.0,231.0,0.0,0.0
frh01_2079589_barley,pos,251.0,251.0,0.0,0.0
frh01_1951268_rapeseed,sos,191.0,231.0,40.0,40.0
frh01_1951268_rapeseed,pos,241.0,241.0,0.0,0.0
frh01_1951268_rapeseed,eos,361.0,331.0,-30.0,30.0
frh01_2024707_corn,sos,181.0,176.0,-5.0,5.0
frh01_2024707_corn,pos,251.0,251.0,0.0,0.0
frh01_2094238_rapeseed,sos,281.0,306.0,25.0,25.0
frh01_2094238_rapeseed,pos,351.0,351.0,0.0,0.0
frh01_2022397_wheat,pos,21.0,21.0,0.0,0.0
frh01_2022397_wheat,eos,71.0,81.0,10.0,10.0
frh01_2145803_corn,pos,16.0,16.0,0.0,0.0
frh01_2145803_corn,eos,96.0,91.0,-5.0,5.0
frh01_1962014_wheat,pos,21.0,21.0,0.0,0.0
frh01_1962014_wheat,eos,91.0,91.0,0.0,0.0
frh01_1977525_rapeseed,sos,276.0,261.0,-15.0,15.0
frh01_1977525_rapeseed,pos,341.0,341.0,0.0,0.0
frh01_2005790_barley,pos,41.0,41.0,0.0,0.0
frh01_2005790_barley,eos,91.0,81.0,-10.0,10.0
frh01_2059064_barley,sos,206.0,256.0,50.0,50.0
frh01_2059064_barley,pos,331.0,331.0,0.0,0.0
frh01_2150022_corn,sos,166.0,131.0,-35.0,35.0
frh01_2150022_corn,pos,291.0,291.0,0.0,0.0
frh01_1948692_wheat,pos,21.0,21.0,0.0,0.0
frh01_1948692_wheat,eos,91.0,91.0,0.0,0.0
frh01_2029395_corn,sos,181.0,181.0,0.0,0.0
frh01_2029395_corn,pos,256.0,216.0,-40.0,40.0
frh01_1984858_rapeseed,sos,91.0,66.0,-25.0,25.0
frh01_1984858_rapeseed,pos,136.0,136.0,0.0,0.0
frh01_1984858_rapeseed,eos,186.0,186.0,0.0,0.0
frh01_1951267_wheat,sos,36.0,261.0,225.0,225.0
frh01_1951267_wheat,pos,56.0,301.0,245.0,245.0
frh01_2078282_corn,pos,51.0,206.0,155.0,155.0
frh01_2078282_corn,eos,151.0,76.0,-75.0,75.0
frh01_2116361_barley,pos,56.0,56.0,0.0,0.0
frh01_2116361_barley,eos,86.0,86.0,0.0,0.0
frh01_2104196_rapeseed,sos,231.0,36.0,-195.0,195.0
frh01_2104196_rapeseed,pos,341.0,341.0,0.0,0.0
frh01_1975687_wheat,pos,36.0,36.0,0.0,0.0
frh01_1975687_wheat,eos,71.0,81.0,10.0,10.0
frh01_2103655_wheat,sos,326.0,326.0,0.0,0.0
frh01_2103655_wheat,pos,346.0,346.0,0.0,0.0
frh01_2053034_wheat,sos,186.0,31.0,-155.0,155.0
frh01_2053034_wheat,pos,241.0,241.0,0.0,0.0
frh01_2053034_wheat,eos,271.0,96.0,-175.0,175.0
frh01_2066030_rapeseed,sos,86.0,56.0,-30.0,30.0
frh01_2066030_rapeseed,pos,171.0,131.0,-40.0,40.0
frh01_2066030_rapeseed,eos,261.0,251.0,-10.0,10.0
frh01_2092543_wheat,sos,226.0,131.0,-95.0,95.0
frh01_2092543_wheat,pos,331.0,331.0,0.0,0.0
frh01_2132518_corn,pos,56.0,56.0,0.0,0.0
frh01_2132518_corn,eos,156.0,141.0,-15.0,15.0
frh01_2020378_rapeseed,pos,21.0,21.0,0.0,0.0
frh01_2020378_rapeseed,eos,76.0,76.0,0.0,0.0
frh01_2009271_rapeseed,pos,51.0,11.0,-40.0,40.0
frh01_1979402_wheat,pos,51.0,296.0,245.0,245.0
frh01_1979402_wheat,eos,221.0,336.0,115.0,115.0
frh01_2147117_barley,pos,21.0,21.0,0.0,0.0
frh01_2147117_barley,eos,101.0,101.0,0.0,0.0
frh01_2131422_rapeseed,sos,231.0,11.0,-220.0,220.0
frh01_2131422_rapeseed,pos,256.0,256.0,0.0,0.0
frh01_2131422_rapeseed,eos,286.0,71.0,-215.0,215.0
frh01_2085311_rapeseed,sos,276.0,6.0,-270.0,270.0
frh01_2085311_rapeseed,pos,296.0,296.0,0.0,0.0
frh01_2004425_wheat,pos,26.0,26.0,0.0,0.0
frh01_2004425_wheat,eos,71.0,76.0,5.0,5.0
frh01_2125691_rapeseed,sos,131.0,131.0,0.0,0.0
frh01_2125691_rapeseed,pos,156.0,156.0,0.0,0.0
frh01_2125691_rapeseed,eos,181.0,286.0,105.0,105.0
frh01_2145250_barley,pos,26.0,26.0,0.0,0.0
frh01_2145250_barley,eos,81.0,71.0,-10.0,10.0
frh01_2057245_wheat,pos,21.0,21.0,0.0,0.0
frh01_2057245_wheat,eos,71.0,76.0,5.0,5.0
frh01_2098392_rapeseed,sos,6.0,76.0,70.0,70.0
frh01_2098392_rapeseed,pos,41.0,41.0,0.0,0.0
frh01_2098392_rapeseed,eos,116.0,81.0,-35.0,35.0
frh01_1949892_rapeseed,sos,196.0,131.0,-65.0,65.0
frh01_1949892_rapeseed,pos,256.0,256.0,0.0,0.0
frh01_1949892_rapeseed,eos,286.0,281.0,-5.0,5.0
frh01_1978408_wheat,sos,226.0,236.0,10.0,10.0
frh01_1978408_wheat,pos,306.0,306.0,0.0,0.0
frh01_2000155_barley,sos,276.0,281.0,5.0,5.0
frh01_2000155_barley,pos,306.0,306.0,0.0,0.0
frh01_2143916_rapeseed,pos,156.0,331.0,175.0,175.0
frh01_2143916_rapeseed,eos,221.0,181.0,-40.0,40.0
frh01_2148740_corn,pos,121.0,121.0,0.0,0.0
frh01_2148740_corn,eos,151.0,146.0,-5.0,5.0
frh01_2154966_barley,sos,236.0,241.0,5.0,5.0
frh01_2154966_barley,pos,291.0,291.0,0.0,0.0
frh01_2155016_barley,sos,231.0,231.0,0.0,0.0
frh01_2155016_barley,pos,306.0,306.0,0.0,0.0
frh01_1962273_wheat,sos,231.0,11.0,-220.0,220.0
frh01_1962273_wheat,pos,256.0,21.0,-235.0,235.0
frh01_2079701_barley,sos,196.0,191.0,-5.0,5.0
frh01_2079701_barley,pos,341.0,341.0,0.0,0.0
frh01_2031361_corn,sos,186.0,311.0,125.0,125.0
frh01_2031361_corn,pos,306.0,311.0,5.0,5.0
frh01_1944065_wheat,pos,46.0,46.0,0.0,0.0
frh01_2140370_rapeseed,sos,231.0,21.0,-210.0,210.0
frh01_2140370_rapeseed,pos,256.0,26.0,-230.0,230.0
frh01_2129173_corn,sos,186.0,181.0,-5.0,5.0
frh01_2129173_corn,pos,256.0,256.0,0.0,0.0
frh01_2050060_wheat,sos,271.0,196.0,-75.0,75.0
frh01_2050060_wheat,pos,346.0,346.0,0.0,0.0
frh01_2090596_barley,sos,276.0,196.0,-80.0,80.0
frh01_2090596_barley,pos,336.0,336.0,0.0,0.0
frh01_2015811_corn,sos,181.0,51.0,-130.0,130.0
frh01_2015811_corn,pos,256.0,256.0,0.0,0.0
frh01_2084830_barley,sos,116.0,116.0,0.0,0.0
frh01_2084830_barley,pos,131.0,351.0,220.0,220.0
